"Status","Name","Duration in ms","Description"
"passed","Simple maths much more complex stuff.the variable should contain 1333","0",""
"passed","Simple maths much more complex stuff.I increment the variable by 1234","0",""
"passed","Simple maths much more complex stuff.I increment the variable by 5","0",""
"failed","Simple maths much more complex stuff.the variable should contain 18","1",""
"passed","Simple maths much more complex stuff.the variable should contain 105","0",""
"passed","Simple maths much more complex stuff.a variable set to 12","0",""
"passed","Simple maths much more complex stuff.a variable set to 100","0",""
"passed","Simple maths easy maths.a variable set to 1","2",""
"passed","Simple maths easy maths.the variable should contain 2","1",""
"passed","Simple maths easy maths.I increment the variable by 1","1",""
"passed","Simple maths much more complex stuff.a variable set to 99","0",""
